05;ANTIOQUIA;05001;MEDELLÍN;Municipio
05;ANTIOQUIA;05002;ABEJORRAL;Municipio
05;ANTIOQUIA;05004;ABRIAQUÍ;Municipio
05;ANTIOQUIA;05021;ALEJANDRÍA;Municipio
05;ANTIOQUIA;05030;AMAGÁ;Municipio
05;ANTIOQUIA;05031;AMALFI;Municipio
05;ANTIOQUIA;05034;ANDES;Municipio
05;ANTIOQUIA;05036;ANGELÓPOLIS;Municipio
05;ANTIOQUIA;05038;ANGOSTURA;Municipio
05;ANTIOQUIA;05040;ANORÍ;Municipio
05;ANTIOQUIA;05042;SANTA FÉ DE ANTIOQUIA;Municipio
05;ANTIOQUIA;05044;ANZÁ;Municipio
05;ANTIOQUIA;05045;APARTADÓ;Municipio
05;ANTIOQUIA;05051;ARBOLETES;Municipio
05;ANTIOQUIA;05055;ARGELIA;Municipio
05;ANTIOQUIA;05059;ARMENIA;Municipio
05;ANTIOQUIA;05079;BARBOSA;Municipio
05;ANTIOQUIA;05086;BELMIRA;Municipio
05;ANTIOQUIA;05088;BELLO;Municipio
05;ANTIOQUIA;05091;BETANIA;Municipio
05;ANTIOQUIA;05093;BETULIA;Municipio
05;ANTIOQUIA;05101;CIUDAD BOLÍVAR;Municipio
05;ANTIOQUIA;05107;BRICEÑO;Municipio
05;ANTIOQUIA;05113;BURITICÁ;Municipio
05;ANTIOQUIA;05120;CÁCERES;Municipio
05;ANTIOQUIA;05125;CAICEDO;Municipio
05;ANTIOQUIA;05129;CALDAS;Municipio
05;ANTIOQUIA;05134;CAMPAMENTO;Municipio
05;ANTIOQUIA;05138;CAÑASGORDAS;Municipio
05;ANTIOQUIA;05142;CARACOLÍ;Municipio
05;ANTIOQUIA;05145;CARAMANTA;Municipio
05;ANTIOQUIA;05147;CAREPA;Municipio
05;ANTIOQUIA;05148;EL CARMEN DE VIBORAL;Municipio
05;ANTIOQUIA;05150;CAROLINA;Municipio
05;ANTIOQUIA;05154;CAUCASIA;Municipio
05;ANTIOQUIA;05172;CHIGORODÓ;Municipio
05;ANTIOQUIA;05190;CISNEROS;Municipio
05;ANTIOQUIA;05197;COCORNÁ;Municipio
05;ANTIOQUIA;05206;CONCEPCIÓN;Municipio
05;ANTIOQUIA;05209;CONCORDIA;Municipio
05;ANTIOQUIA;05212;COPACABANA;Municipio
05;ANTIOQUIA;05234;DABEIBA;Municipio
05;ANTIOQUIA;05237;DONMATÍAS;Municipio
05;ANTIOQUIA;05240;EBÉJICO;Municipio
05;ANTIOQUIA;05250;EL BAGRE;Municipio
05;ANTIOQUIA;05264;ENTRERRÍOS;Municipio
05;ANTIOQUIA;05266;ENVIGADO;Municipio
05;ANTIOQUIA;05282;FREDONIA;Municipio
05;ANTIOQUIA;05284;FRONTINO;Municipio
05;ANTIOQUIA;05306;GIRALDO;Municipio
05;ANTIOQUIA;05308;GIRARDOTA;Municipio
05;ANTIOQUIA;05310;GÓMEZ PLATA;Municipio
05;ANTIOQUIA;05313;GRANADA;Municipio
05;ANTIOQUIA;05315;GUADALUPE;Municipio
05;ANTIOQUIA;05318;GUARNE;Municipio
05;ANTIOQUIA;05321;GUATAPÉ;Municipio
05;ANTIOQUIA;05347;HELICONIA;Municipio
05;ANTIOQUIA;05353;HISPANIA;Municipio
05;ANTIOQUIA;05360;ITAGÜÍ;Municipio
05;ANTIOQUIA;05361;ITUANGO;Municipio
05;ANTIOQUIA;05364;JARDÍN;Municipio
05;ANTIOQUIA;05368;JERICÓ;Municipio
05;ANTIOQUIA;05376;LA CEJA;Municipio
05;ANTIOQUIA;05380;LA ESTRELLA;Municipio
05;ANTIOQUIA;05390;LA PINTADA;Municipio
05;ANTIOQUIA;05400;LA UNIÓN;Municipio
05;ANTIOQUIA;05411;LIBORINA;Municipio
05;ANTIOQUIA;05425;MACEO;Municipio
05;ANTIOQUIA;05440;MARINILLA;Municipio
05;ANTIOQUIA;05467;MONTEBELLO;Municipio
05;ANTIOQUIA;05475;MURINDÓ;Municipio
05;ANTIOQUIA;05480;MUTATÁ;Municipio
05;ANTIOQUIA;05483;NARIÑO;Municipio
05;ANTIOQUIA;05490;NECOCLÍ;Municipio
05;ANTIOQUIA;05495;NECHÍ;Municipio
05;ANTIOQUIA;05501;OLAYA;Municipio
05;ANTIOQUIA;05541;PEÑOL;Municipio
05;ANTIOQUIA;05543;PEQUE;Municipio
05;ANTIOQUIA;05576;PUEBLORRICO;Municipio
05;ANTIOQUIA;05579;PUERTO BERRÍO;Municipio
05;ANTIOQUIA;05585;PUERTO NARE;Municipio
05;ANTIOQUIA;05591;PUERTO TRIUNFO;Municipio
05;ANTIOQUIA;05604;REMEDIOS;Municipio
05;ANTIOQUIA;05607;RETIRO;Municipio
05;ANTIOQUIA;05615;RIONEGRO;Municipio
05;ANTIOQUIA;05628;SABANALARGA;Municipio
05;ANTIOQUIA;05631;SABANETA;Municipio
05;ANTIOQUIA;05642;SALGAR;Municipio
05;ANTIOQUIA;05647;SAN ANDRÉS DE CUERQUÍA;Municipio
05;ANTIOQUIA;05649;SAN CARLOS;Municipio
05;ANTIOQUIA;05652;SAN FRANCISCO;Municipio
05;ANTIOQUIA;05656;SAN JERÓNIMO;Municipio
05;ANTIOQUIA;05658;SAN JOSÉ DE LA MONTAÑA;Municipio
05;ANTIOQUIA;05659;SAN JUAN DE URABÁ;Municipio
05;ANTIOQUIA;05660;SAN LUIS;Municipio
05;ANTIOQUIA;05664;SAN PEDRO DE LOS MILAGROS;Municipio
05;ANTIOQUIA;05665;SAN PEDRO DE URABÁ;Municipio
05;ANTIOQUIA;05667;SAN RAFAEL;Municipio
05;ANTIOQUIA;05670;SAN ROQUE;Municipio
05;ANTIOQUIA;05674;SAN VICENTE FERRER;Municipio
05;ANTIOQUIA;05679;SANTA BÁRBARA;Municipio
05;ANTIOQUIA;05686;SANTA ROSA DE OSOS;Municipio
05;ANTIOQUIA;05690;SANTO DOMINGO;Municipio
05;ANTIOQUIA;05697;EL SANTUARIO;Municipio
05;ANTIOQUIA;05736;SEGOVIA;Municipio
05;ANTIOQUIA;05756;SONSÓN;Municipio
05;ANTIOQUIA;05761;SOPETRÁN;Municipio
05;ANTIOQUIA;05789;TÁMESIS;Municipio
05;ANTIOQUIA;05790;TARAZÁ;Municipio
05;ANTIOQUIA;05792;TARSO;Municipio
05;ANTIOQUIA;05809;TITIRIBÍ;Municipio
05;ANTIOQUIA;05819;TOLEDO;Municipio
05;ANTIOQUIA;05837;TURBO;Municipio
05;ANTIOQUIA;05842;URAMITA;Municipio
05;ANTIOQUIA;05847;URRAO;Municipio
05;ANTIOQUIA;05854;VALDIVIA;Municipio
05;ANTIOQUIA;05856;VALPARAÍSO;Municipio
05;ANTIOQUIA;05858;VEGACHÍ;Municipio
05;ANTIOQUIA;05861;VENECIA;Municipio
05;ANTIOQUIA;05873;VIGÍA DEL FUERTE;Municipio
05;ANTIOQUIA;05885;YALÍ;Municipio
05;ANTIOQUIA;05887;YARUMAL;Municipio
05;ANTIOQUIA;05890;YOLOMBÓ;Municipio
05;ANTIOQUIA;05893;YONDÓ;Municipio
05;ANTIOQUIA;05895;ZARAGOZA;Municipio
08;ATLÁNTICO;08001;BARRANQUILLA;Municipio
08;ATLÁNTICO;08078;BARANOA;Municipio
08;ATLÁNTICO;08137;CAMPO DE LA CRUZ;Municipio
08;ATLÁNTICO;08141;CANDELARIA;Municipio
08;ATLÁNTICO;08296;GALAPA;Municipio
08;ATLÁNTICO;08372;JUAN DE ACOSTA;Municipio
08;ATLÁNTICO;08421;LURUACO;Municipio
08;ATLÁNTICO;08433;MALAMBO;Municipio
08;ATLÁNTICO;08436;MANATÍ;Municipio
08;ATLÁNTICO;08520;PALMAR DE VARELA;Municipio
08;ATLÁNTICO;08549;PIOJÓ;Municipio
08;ATLÁNTICO;08558;POLONUEVO;Municipio
08;ATLÁNTICO;08560;PONEDERA;Municipio
08;ATLÁNTICO;08573;PUERTO COLOMBIA;Municipio
08;ATLÁNTICO;08606;REPELÓN;Municipio
08;ATLÁNTICO;08634;SABANAGRANDE;Municipio
08;ATLÁNTICO;08638;SABANALARGA;Municipio
08;ATLÁNTICO;08675;SANTA LUCÍA;Municipio
08;ATLÁNTICO;08685;SANTO TOMÁS;Municipio
08;ATLÁNTICO;08758;SOLEDAD;Municipio
08;ATLÁNTICO;08770;SUAN;Municipio
08;ATLÁNTICO;08832;TUBARÁ;Municipio
08;ATLÁNTICO;08849;USIACURÍ;Municipio
11;BOGOTÁ, D.C.;11001;BOGOTÁ, D.C.;Municipio
13;BOLÍVAR;13001;CARTAGENA DE INDIAS;Municipio
13;BOLÍVAR;13006;ACHÍ;Municipio
13;BOLÍVAR;13030;ALTOS DEL ROSARIO;Municipio
13;BOLÍVAR;13042;ARENAL;Municipio
13;BOLÍVAR;13052;ARJONA;Municipio
13;BOLÍVAR;13062;ARROYOHONDO;Municipio
13;BOLÍVAR;13074;BARRANCO DE LOBA;Municipio
13;BOLÍVAR;13140;CALAMAR;Municipio
13;BOLÍVAR;13160;CANTAGALLO;Municipio
13;BOLÍVAR;13188;CICUCO;Municipio
13;BOLÍVAR;13212;CÓRDOBA;Municipio
13;BOLÍVAR;13222;CLEMENCIA;Municipio
13;BOLÍVAR;13244;EL CARMEN DE BOLÍVAR;Municipio
13;BOLÍVAR;13248;EL GUAMO;Municipio
13;BOLÍVAR;13268;EL PEÑÓN;Municipio
13;BOLÍVAR;13300;HATILLO DE LOBA;Municipio
13;BOLÍVAR;13430;MAGANGUÉ;Municipio
13;BOLÍVAR;13433;MAHATES;Municipio
13;BOLÍVAR;13440;MARGARITA;Municipio
13;BOLÍVAR;13442;MARÍA LA BAJA;Municipio
13;BOLÍVAR;13458;MONTECRISTO;Municipio
13;BOLÍVAR;13468;SANTA CRUZ DE MOMPOX;Municipio
13;BOLÍVAR;13473;MORALES;Municipio
13;BOLÍVAR;13490;NOROSÍ;Municipio
13;BOLÍVAR;13549;PINILLOS;Municipio
13;BOLÍVAR;13580;REGIDOR;Municipio
13;BOLÍVAR;13600;RÍO VIEJO;Municipio
13;BOLÍVAR;13620;SAN CRISTÓBAL;Municipio
13;BOLÍVAR;13647;SAN ESTANISLAO;Municipio
13;BOLÍVAR;13650;SAN FERNANDO;Municipio
13;BOLÍVAR;13654;SAN JACINTO;Municipio
13;BOLÍVAR;13655;SAN JACINTO DEL CAUCA;Municipio
13;BOLÍVAR;13657;SAN JUAN NEPOMUCENO;Municipio
13;BOLÍVAR;13667;SAN MARTÍN DE LOBA;Municipio
13;BOLÍVAR;13670;SAN PABLO;Municipio
13;BOLÍVAR;13673;SANTA CATALINA;Municipio
13;BOLÍVAR;13683;SANTA ROSA;Municipio
13;BOLÍVAR;13688;SANTA ROSA DEL SUR;Municipio
13;BOLÍVAR;13744;SIMITÍ;Municipio
13;BOLÍVAR;13760;SOPLAVIENTO;Municipio
13;BOLÍVAR;13780;TALAIGUA NUEVO;Municipio
13;BOLÍVAR;13810;TIQUISIO;Municipio
13;BOLÍVAR;13836;TURBACO;Municipio
13;BOLÍVAR;13838;TURBANÁ;Municipio
13;BOLÍVAR;13873;VILLANUEVA;Municipio
13;BOLÍVAR;13894;ZAMBRANO;Municipio
15;BOYACÁ;15001;TUNJA;Municipio
15;BOYACÁ;15022;ALMEIDA;Municipio
15;BOYACÁ;15047;AQUITANIA;Municipio
15;BOYACÁ;15051;ARCABUCO;Municipio
15;BOYACÁ;15087;BELÉN;Municipio
15;BOYACÁ;15090;BERBEO;Municipio
15;BOYACÁ;15092;BETÉITIVA;Municipio
15;BOYACÁ;15097;BOAVITA;Municipio
15;BOYACÁ;15104;BOYACÁ;Municipio
15;BOYACÁ;15106;BRICEÑO;Municipio
15;BOYACÁ;15109;BUENAVISTA;Municipio
15;BOYACÁ;15114;BUSBANZÁ;Municipio
15;BOYACÁ;15131;CALDAS;Municipio
15;BOYACÁ;15135;CAMPOHERMOSO;Municipio
15;BOYACÁ;15162;CERINZA;Municipio
15;BOYACÁ;15172;CHINAVITA;Municipio
15;BOYACÁ;15176;CHIQUINQUIRÁ;Municipio
15;BOYACÁ;15180;CHISCAS;Municipio
15;BOYACÁ;15183;CHITA;Municipio
15;BOYACÁ;15185;CHITARAQUE;Municipio
15;BOYACÁ;15187;CHIVATÁ;Municipio
15;BOYACÁ;15189;CIÉNEGA;Municipio
15;BOYACÁ;15204;CÓMBITA;Municipio
15;BOYACÁ;15212;COPER;Municipio
15;BOYACÁ;15215;CORRALES;Municipio
15;BOYACÁ;15218;COVARACHÍA;Municipio
15;BOYACÁ;15223;CUBARÁ;Municipio
15;BOYACÁ;15224;CUCAITA;Municipio
15;BOYACÁ;15226;CUÍTIVA;Municipio
15;BOYACÁ;15232;CHÍQUIZA;Municipio
15;BOYACÁ;15236;CHIVOR;Municipio
15;BOYACÁ;15238;DUITAMA;Municipio
15;BOYACÁ;15244;EL COCUY;Municipio
15;BOYACÁ;15248;EL ESPINO;Municipio
15;BOYACÁ;15272;FIRAVITOBA;Municipio
15;BOYACÁ;15276;FLORESTA;Municipio
15;BOYACÁ;15293;GACHANTIVÁ;Municipio
15;BOYACÁ;15296;GÁMEZA;Municipio
15;BOYACÁ;15299;GARAGOA;Municipio
15;BOYACÁ;15317;GUACAMAYAS;Municipio
15;BOYACÁ;15322;GUATEQUE;Municipio
15;BOYACÁ;15325;GUAYATÁ;Municipio
15;BOYACÁ;15332;GÜICÁN DE LA SIERRA;Municipio
15;BOYACÁ;15362;IZA;Municipio
15;BOYACÁ;15367;JENESANO;Municipio
15;BOYACÁ;15368;JERICÓ;Municipio
15;BOYACÁ;15377;LABRANZAGRANDE;Municipio
15;BOYACÁ;15380;LA CAPILLA;Municipio
15;BOYACÁ;15401;LA VICTORIA;Municipio
15;BOYACÁ;15403;LA UVITA;Municipio
15;BOYACÁ;15407;VILLA DE LEYVA;Municipio
15;BOYACÁ;15425;MACANAL;Municipio
15;BOYACÁ;15442;MARIPÍ;Municipio
15;BOYACÁ;15455;MIRAFLORES;Municipio
15;BOYACÁ;15464;MONGUA;Municipio
15;BOYACÁ;15466;MONGUÍ;Municipio
15;BOYACÁ;15469;MONIQUIRÁ;Municipio
15;BOYACÁ;15476;MOTAVITA;Municipio
15;BOYACÁ;15480;MUZO;Municipio
15;BOYACÁ;15491;NOBSA;Municipio
15;BOYACÁ;15494;NUEVO COLÓN;Municipio
15;BOYACÁ;15500;OICATÁ;Municipio
15;BOYACÁ;15507;OTANCHE;Municipio
15;BOYACÁ;15511;PACHAVITA;Municipio
15;BOYACÁ;15514;PÁEZ;Municipio
15;BOYACÁ;15516;PAIPA;Municipio
15;BOYACÁ;15518;PAJARITO;Municipio
15;BOYACÁ;15522;PANQUEBA;Municipio
15;BOYACÁ;15531;PAUNA;Municipio
15;BOYACÁ;15533;PAYA;Municipio
15;BOYACÁ;15537;PAZ DE RÍO;Municipio
15;BOYACÁ;15542;PESCA;Municipio
15;BOYACÁ;15550;PISBA;Municipio
15;BOYACÁ;15572;PUERTO BOYACÁ;Municipio
15;BOYACÁ;15580;QUÍPAMA;Municipio
15;BOYACÁ;15599;RAMIRIQUÍ;Municipio
15;BOYACÁ;15600;RÁQUIRA;Municipio
15;BOYACÁ;15621;RONDÓN;Municipio
15;BOYACÁ;15632;SABOYÁ;Municipio
15;BOYACÁ;15638;SÁCHICA;Municipio
15;BOYACÁ;15646;SAMACÁ;Municipio
15;BOYACÁ;15660;SAN EDUARDO;Municipio
15;BOYACÁ;15664;SAN JOSÉ DE PARE;Municipio
15;BOYACÁ;15667;SAN LUIS DE GACENO;Municipio
15;BOYACÁ;15673;SAN MATEO;Municipio
15;BOYACÁ;15676;SAN MIGUEL DE SEMA;Municipio
15;BOYACÁ;15681;SAN PABLO DE BORBUR;Municipio
15;BOYACÁ;15686;SANTANA;Municipio
15;BOYACÁ;15690;SANTA MARÍA;Municipio
15;BOYACÁ;15693;SANTA ROSA DE VITERBO;Municipio
15;BOYACÁ;15696;SANTA SOFÍA;Municipio
15;BOYACÁ;15720;SATIVANORTE;Municipio
15;BOYACÁ;15723;SATIVASUR;Municipio
15;BOYACÁ;15740;SIACHOQUE;Municipio
15;BOYACÁ;15753;SOATÁ;Municipio
15;BOYACÁ;15755;SOCOTÁ;Municipio
15;BOYACÁ;15757;SOCHA;Municipio
15;BOYACÁ;15759;SOGAMOSO;Municipio
15;BOYACÁ;15761;SOMONDOCO;Municipio
15;BOYACÁ;15762;SORA;Municipio
15;BOYACÁ;15763;SOTAQUIRÁ;Municipio
15;BOYACÁ;15764;SORACÁ;Municipio
15;BOYACÁ;15774;SUSACÓN;Municipio
15;BOYACÁ;15776;SUTAMARCHÁN;Municipio
15;BOYACÁ;15778;SUTATENZA;Municipio
15;BOYACÁ;15790;TASCO;Municipio
15;BOYACÁ;15798;TENZA;Municipio
15;BOYACÁ;15804;TIBANÁ;Municipio
15;BOYACÁ;15806;TIBASOSA;Municipio
15;BOYACÁ;15808;TINJACÁ;Municipio
15;BOYACÁ;15810;TIPACOQUE;Municipio
15;BOYACÁ;15814;TOCA;Municipio
15;BOYACÁ;15816;TOGÜÍ;Municipio
15;BOYACÁ;15820;TÓPAGA;Municipio
15;BOYACÁ;15822;TOTA;Municipio
15;BOYACÁ;15832;TUNUNGUÁ;Municipio
15;BOYACÁ;15835;TURMEQUÉ;Municipio
15;BOYACÁ;15837;TUTA;Municipio
15;BOYACÁ;15839;TUTAZÁ;Municipio
15;BOYACÁ;15842;ÚMBITA;Municipio
15;BOYACÁ;15861;VENTAQUEMADA;Municipio
15;BOYACÁ;15879;VIRACACHÁ;Municipio
15;BOYACÁ;15897;ZETAQUIRA;Municipio
17;CALDAS;17001;MANIZALES;Municipio
17;CALDAS;17013;AGUADAS;Municipio
17;CALDAS;17042;ANSERMA;Municipio
17;CALDAS;17050;ARANZAZU;Municipio
17;CALDAS;17088;BELALCÁZAR;Municipio
17;CALDAS;17174;CHINCHINÁ;Municipio
17;CALDAS;17272;FILADELFIA;Municipio
17;CALDAS;17380;LA DORADA;Municipio
17;CALDAS;17388;LA MERCED;Municipio
17;CALDAS;17433;MANZANARES;Municipio
17;CALDAS;17442;MARMATO;Municipio
17;CALDAS;17444;MARQUETALIA;Municipio
17;CALDAS;17446;MARULANDA;Municipio
17;CALDAS;17486;NEIRA;Municipio
17;CALDAS;17495;NORCASIA;Municipio
17;CALDAS;17513;PÁCORA;Municipio
17;CALDAS;17524;PALESTINA;Municipio
17;CALDAS;17541;PENSILVANIA;Municipio
17;CALDAS;17614;RIOSUCIO;Municipio
17;CALDAS;17616;RISARALDA;Municipio
17;CALDAS;17653;SALAMINA;Municipio
17;CALDAS;17662;SAMANÁ;Municipio
17;CALDAS;17665;SAN JOSÉ;Municipio
17;CALDAS;17777;SUPÍA;Municipio
17;CALDAS;17867;VICTORIA;Municipio
17;CALDAS;17873;VILLAMARÍA;Municipio
17;CALDAS;17877;VITERBO;Municipio
18;CAQUETÁ;18001;FLORENCIA;Municipio
18;CAQUETÁ;18029;ALBANIA;Municipio
18;CAQUETÁ;18094;BELÉN DE LOS ANDAQUÍES;Municipio
18;CAQUETÁ;18150;CARTAGENA DEL CHAIRÁ;Municipio
18;CAQUETÁ;18205;CURILLO;Municipio
18;CAQUETÁ;18247;EL DONCELLO;Municipio
18;CAQUETÁ;18256;EL PAUJÍL;Municipio
18;CAQUETÁ;18410;LA MONTAÑITA;Municipio
18;CAQUETÁ;18460;MILÁN;Municipio
18;CAQUETÁ;18479;MORELIA;Municipio
18;CAQUETÁ;18592;PUERTO RICO;Municipio
18;CAQUETÁ;18610;SAN JOSÉ DEL FRAGUA;Municipio
18;CAQUETÁ;18753;SAN VICENTE DEL CAGUÁN;Municipio
18;CAQUETÁ;18756;SOLANO;Municipio
18;CAQUETÁ;18785;SOLITA;Municipio
18;CAQUETÁ;18860;VALPARAÍSO;Municipio
19;CAUCA;19001;POPAYÁN;Municipio
19;CAUCA;19022;ALMAGUER;Municipio
19;CAUCA;19050;ARGELIA;Municipio
19;CAUCA;19075;BALBOA;Municipio
19;CAUCA;19100;BOLÍVAR;Municipio
19;CAUCA;19110;BUENOS AIRES;Municipio
19;CAUCA;19130;CAJIBÍO;Municipio
19;CAUCA;19137;CALDONO;Municipio
19;CAUCA;19142;CALOTO;Municipio
19;CAUCA;19212;CORINTO;Municipio
19;CAUCA;19256;EL TAMBO;Municipio
19;CAUCA;19290;FLORENCIA;Municipio
19;CAUCA;19300;GUACHENÉ;Municipio
19;CAUCA;19318;GUAPI;Municipio
19;CAUCA;19355;INZÁ;Municipio
19;CAUCA;19364;JAMBALÓ;Municipio
19;CAUCA;19392;LA SIERRA;Municipio
19;CAUCA;19397;LA VEGA;Municipio
19;CAUCA;19418;LÓPEZ DE MICAY;Municipio
19;CAUCA;19450;MERCADERES;Municipio
19;CAUCA;19455;MIRANDA;Municipio
19;CAUCA;19473;MORALES;Municipio
19;CAUCA;19513;PADILLA;Municipio
19;CAUCA;19517;PÁEZ;Municipio
19;CAUCA;19532;PATÍA;Municipio
19;CAUCA;19533;PIAMONTE;Municipio
19;CAUCA;19548;PIENDAMÓ - TUNÍA;Municipio
19;CAUCA;19573;PUERTO TEJADA;Municipio
19;CAUCA;19585;PURACÉ;Municipio
19;CAUCA;19622;ROSAS;Municipio
19;CAUCA;19693;SAN SEBASTIÁN;Municipio
19;CAUCA;19698;SANTANDER DE QUILICHAO;Municipio
19;CAUCA;19701;SANTA ROSA;Municipio
19;CAUCA;19743;SILVIA;Municipio
19;CAUCA;19760;SOTARÁ PAISPAMBA;Municipio
19;CAUCA;19780;SUÁREZ;Municipio
19;CAUCA;19785;SUCRE;Municipio
19;CAUCA;19807;TIMBÍO;Municipio
19;CAUCA;19809;TIMBIQUÍ;Municipio
19;CAUCA;19821;TORIBÍO;Municipio
19;CAUCA;19824;TOTORÓ;Municipio
19;CAUCA;19845;VILLA RICA;Municipio
20;CESAR;20001;VALLEDUPAR;Municipio
20;CESAR;20011;AGUACHICA;Municipio
20;CESAR;20013;AGUSTÍN CODAZZI;Municipio
20;CESAR;20032;ASTREA;Municipio
20;CESAR;20045;BECERRIL;Municipio
20;CESAR;20060;BOSCONIA;Municipio
20;CESAR;20175;CHIMICHAGUA;Municipio
20;CESAR;20178;CHIRIGUANÁ;Municipio
20;CESAR;20228;CURUMANÍ;Municipio
20;CESAR;20238;EL COPEY;Municipio
20;CESAR;20250;EL PASO;Municipio
20;CESAR;20295;GAMARRA;Municipio
20;CESAR;20310;GONZÁLEZ;Municipio
20;CESAR;20383;LA GLORIA;Municipio
20;CESAR;20400;LA JAGUA DE IBIRICO;Municipio
20;CESAR;20443;MANAURE BALCÓN DEL CESAR;Municipio
20;CESAR;20517;PAILITAS;Municipio
20;CESAR;20550;PELAYA;Municipio
20;CESAR;20570;PUEBLO BELLO;Municipio
20;CESAR;20614;RÍO DE ORO;Municipio
20;CESAR;20621;LA PAZ;Municipio
20;CESAR;20710;SAN ALBERTO;Municipio
20;CESAR;20750;SAN DIEGO;Municipio
20;CESAR;20770;SAN MARTÍN;Municipio
20;CESAR;20787;TAMALAMEQUE;Municipio
23;CÓRDOBA;23001;MONTERÍA;Municipio
23;CÓRDOBA;23068;AYAPEL;Municipio
23;CÓRDOBA;23079;BUENAVISTA;Municipio
23;CÓRDOBA;23090;CANALETE;Municipio
23;CÓRDOBA;23162;CERETÉ;Municipio
23;CÓRDOBA;23168;CHIMÁ;Municipio
23;CÓRDOBA;23182;CHINÚ;Municipio
23;CÓRDOBA;23189;CIÉNAGA DE ORO;Municipio
23;CÓRDOBA;23300;COTORRA;Municipio
23;CÓRDOBA;23350;LA APARTADA;Municipio
23;CÓRDOBA;23417;LORICA;Municipio
23;CÓRDOBA;23419;LOS CÓRDOBAS;Municipio
23;CÓRDOBA;23464;MOMIL;Municipio
23;CÓRDOBA;23466;MONTELÍBANO;Municipio
23;CÓRDOBA;23500;MOÑITOS;Municipio
23;CÓRDOBA;23555;PLANETA RICA;Municipio
23;CÓRDOBA;23570;PUEBLO NUEVO;Municipio
23;CÓRDOBA;23574;PUERTO ESCONDIDO;Municipio
23;CÓRDOBA;23580;PUERTO LIBERTADOR;Municipio
23;CÓRDOBA;23586;PURÍSIMA DE LA CONCEPCIÓN;Municipio
23;CÓRDOBA;23660;SAHAGÚN;Municipio
23;CÓRDOBA;23670;SAN ANDRÉS DE SOTAVENTO;Municipio
23;CÓRDOBA;23672;SAN ANTERO;Municipio
23;CÓRDOBA;23675;SAN BERNARDO DEL VIENTO;Municipio
23;CÓRDOBA;23678;SAN CARLOS;Municipio
23;CÓRDOBA;23682;SAN JOSÉ DE URÉ;Municipio
23;CÓRDOBA;23686;SAN PELAYO;Municipio
23;CÓRDOBA;23807;TIERRALTA;Municipio
23;CÓRDOBA;23815;TUCHÍN;Municipio
23;CÓRDOBA;23855;VALENCIA;Municipio
25;CUNDINAMARCA;25001;AGUA DE DIOS;Municipio
25;CUNDINAMARCA;25019;ALBÁN;Municipio
25;CUNDINAMARCA;25035;ANAPOIMA;Municipio
25;CUNDINAMARCA;25040;ANOLAIMA;Municipio
25;CUNDINAMARCA;25053;ARBELÁEZ;Municipio
25;CUNDINAMARCA;25086;BELTRÁN;Municipio
25;CUNDINAMARCA;25095;BITUIMA;Municipio
25;CUNDINAMARCA;25099;BOJACÁ;Municipio
25;CUNDINAMARCA;25120;CABRERA;Municipio
25;CUNDINAMARCA;25123;CACHIPAY;Municipio
25;CUNDINAMARCA;25126;CAJICÁ;Municipio
25;CUNDINAMARCA;25148;CAPARRAPÍ;Municipio
25;CUNDINAMARCA;25151;CÁQUEZA;Municipio
25;CUNDINAMARCA;25154;CARMEN DE CARUPA;Municipio
25;CUNDINAMARCA;25168;CHAGUANÍ;Municipio
25;CUNDINAMARCA;25175;CHÍA;Municipio
25;CUNDINAMARCA;25178;CHIPAQUE;Municipio
25;CUNDINAMARCA;25181;CHOACHÍ;Municipio
25;CUNDINAMARCA;25183;CHOCONTÁ;Municipio
25;CUNDINAMARCA;25200;COGUA;Municipio
25;CUNDINAMARCA;25214;COTA;Municipio
25;CUNDINAMARCA;25224;CUCUNUBÁ;Municipio
25;CUNDINAMARCA;25245;EL COLEGIO;Municipio
25;CUNDINAMARCA;25258;EL PEÑÓN;Municipio
25;CUNDINAMARCA;25260;EL ROSAL;Municipio
25;CUNDINAMARCA;25269;FACATATIVÁ;Municipio
25;CUNDINAMARCA;25279;FÓMEQUE;Municipio
25;CUNDINAMARCA;25281;FOSCA;Municipio
25;CUNDINAMARCA;25286;FUNZA;Municipio
25;CUNDINAMARCA;25288;FÚQUENE;Municipio
25;CUNDINAMARCA;25290;FUSAGASUGÁ;Municipio
25;CUNDINAMARCA;25293;GACHALÁ;Municipio
25;CUNDINAMARCA;25295;GACHANCIPÁ;Municipio
25;CUNDINAMARCA;25297;GACHETÁ;Municipio
25;CUNDINAMARCA;25299;GAMA;Municipio
25;CUNDINAMARCA;25307;GIRARDOT;Municipio
25;CUNDINAMARCA;25312;GRANADA;Municipio
25;CUNDINAMARCA;25317;GUACHETÁ;Municipio
25;CUNDINAMARCA;25320;GUADUAS;Municipio
25;CUNDINAMARCA;25322;GUASCA;Municipio
25;CUNDINAMARCA;25324;GUATAQUÍ;Municipio
25;CUNDINAMARCA;25326;GUATAVITA;Municipio
25;CUNDINAMARCA;25328;GUAYABAL DE SÍQUIMA;Municipio
25;CUNDINAMARCA;25335;GUAYABETAL;Municipio
25;CUNDINAMARCA;25339;GUTIÉRREZ;Municipio
25;CUNDINAMARCA;25368;JERUSALÉN;Municipio
25;CUNDINAMARCA;25372;JUNÍN;Municipio
25;CUNDINAMARCA;25377;LA CALERA;Municipio
25;CUNDINAMARCA;25386;LA MESA;Municipio
25;CUNDINAMARCA;25394;LA PALMA;Municipio
25;CUNDINAMARCA;25398;LA PEÑA;Municipio
25;CUNDINAMARCA;25402;LA VEGA;Municipio
25;CUNDINAMARCA;25407;LENGUAZAQUE;Municipio
25;CUNDINAMARCA;25426;MACHETÁ;Municipio
25;CUNDINAMARCA;25430;MADRID;Municipio
25;CUNDINAMARCA;25436;MANTA;Municipio
25;CUNDINAMARCA;25438;MEDINA;Municipio
25;CUNDINAMARCA;25473;MOSQUERA;Municipio
25;CUNDINAMARCA;25483;NARIÑO;Municipio
25;CUNDINAMARCA;25486;NEMOCÓN;Municipio
25;CUNDINAMARCA;25488;NILO;Municipio
25;CUNDINAMARCA;25489;NIMAIMA;Municipio
25;CUNDINAMARCA;25491;NOCAIMA;Municipio
25;CUNDINAMARCA;25506;VENECIA;Municipio
25;CUNDINAMARCA;25513;PACHO;Municipio
25;CUNDINAMARCA;25518;PAIME;Municipio
25;CUNDINAMARCA;25524;PANDI;Municipio
25;CUNDINAMARCA;25530;PARATEBUENO;Municipio
25;CUNDINAMARCA;25535;PASCA;Municipio
25;CUNDINAMARCA;25572;PUERTO SALGAR;Municipio
25;CUNDINAMARCA;25580;PULÍ;Municipio
25;CUNDINAMARCA;25592;QUEBRADANEGRA;Municipio
25;CUNDINAMARCA;25594;QUETAME;Municipio
25;CUNDINAMARCA;25596;QUIPILE;Municipio
25;CUNDINAMARCA;25599;APULO;Municipio
25;CUNDINAMARCA;25612;RICAURTE;Municipio
25;CUNDINAMARCA;25645;SAN ANTONIO DEL TEQUENDAMA;Municipio
25;CUNDINAMARCA;25649;SAN BERNARDO;Municipio
25;CUNDINAMARCA;25653;SAN CAYETANO;Municipio
25;CUNDINAMARCA;25658;SAN FRANCISCO;Municipio
25;CUNDINAMARCA;25662;SAN JUAN DE RIOSECO;Municipio
25;CUNDINAMARCA;25718;SASAIMA;Municipio
25;CUNDINAMARCA;25736;SESQUILÉ;Municipio
25;CUNDINAMARCA;25740;SIBATÉ;Municipio
25;CUNDINAMARCA;25743;SILVANIA;Municipio
25;CUNDINAMARCA;25745;SIMIJACA;Municipio
25;CUNDINAMARCA;25754;SOACHA;Municipio
25;CUNDINAMARCA;25758;SOPÓ;Municipio
25;CUNDINAMARCA;25769;SUBACHOQUE;Municipio
25;CUNDINAMARCA;25772;SUESCA;Municipio
25;CUNDINAMARCA;25777;SUPATÁ;Municipio
25;CUNDINAMARCA;25779;SUSA;Municipio
25;CUNDINAMARCA;25781;SUTATAUSA;Municipio
25;CUNDINAMARCA;25785;TABIO;Municipio
25;CUNDINAMARCA;25793;TAUSA;Municipio
25;CUNDINAMARCA;25797;TENA;Municipio
25;CUNDINAMARCA;25799;TENJO;Municipio
25;CUNDINAMARCA;25805;TIBACUY;Municipio
25;CUNDINAMARCA;25807;TIBIRITA;Municipio
25;CUNDINAMARCA;25815;TOCAIMA;Municipio
25;CUNDINAMARCA;25817;TOCANCIPÁ;Municipio
25;CUNDINAMARCA;25823;TOPAIPÍ;Municipio
25;CUNDINAMARCA;25839;UBALÁ;Municipio
25;CUNDINAMARCA;25841;UBAQUE;Municipio
25;CUNDINAMARCA;25843;VILLA DE SAN DIEGO DE UBATÉ;Municipio
25;CUNDINAMARCA;25845;UNE;Municipio
25;CUNDINAMARCA;25851;ÚTICA;Municipio
25;CUNDINAMARCA;25862;VERGARA;Municipio
25;CUNDINAMARCA;25867;VIANÍ;Municipio
25;CUNDINAMARCA;25871;VILLAGÓMEZ;Municipio
25;CUNDINAMARCA;25873;VILLAPINZÓN;Municipio
25;CUNDINAMARCA;25875;VILLETA;Municipio
25;CUNDINAMARCA;25878;VIOTÁ;Municipio
25;CUNDINAMARCA;25885;YACOPÍ;Municipio
25;CUNDINAMARCA;25898;ZIPACÓN;Municipio
25;CUNDINAMARCA;25899;ZIPAQUIRÁ;Municipio
27;CHOCÓ;27001;QUIBDÓ;Municipio
27;CHOCÓ;27006;ACANDÍ;Municipio
27;CHOCÓ;27025;ALTO BAUDÓ;Municipio
27;CHOCÓ;27050;ATRATO;Municipio
27;CHOCÓ;27073;BAGADÓ;Municipio
27;CHOCÓ;27075;BAHÍA SOLANO;Municipio
27;CHOCÓ;27077;BAJO BAUDÓ;Municipio
27;CHOCÓ;27099;BOJAYÁ;Municipio
27;CHOCÓ;27135;EL CANTÓN DEL SAN PABLO;Municipio
27;CHOCÓ;27150;CARMEN DEL DARIÉN;Municipio
27;CHOCÓ;27160;CÉRTEGUI;Municipio
27;CHOCÓ;27205;CONDOTO;Municipio
27;CHOCÓ;27245;EL CARMEN DE ATRATO;Municipio
27;CHOCÓ;27250;EL LITORAL DEL SAN JUAN;Municipio
27;CHOCÓ;27361;ISTMINA;Municipio
27;CHOCÓ;27372;JURADÓ;Municipio
27;CHOCÓ;27413;LLORÓ;Municipio
27;CHOCÓ;27425;MEDIO ATRATO;Municipio
27;CHOCÓ;27430;MEDIO BAUDÓ;Municipio
27;CHOCÓ;27450;MEDIO SAN JUAN;Municipio
27;CHOCÓ;27491;NÓVITA;Municipio
27;CHOCÓ;27495;NUQUÍ;Municipio
27;CHOCÓ;27580;RÍO IRÓ;Municipio
27;CHOCÓ;27600;RÍO QUITO;Municipio
27;CHOCÓ;27615;RIOSUCIO;Municipio
27;CHOCÓ;27660;SAN JOSÉ DEL PALMAR;Municipio
27;CHOCÓ;27745;SIPÍ;Municipio
27;CHOCÓ;27787;TADÓ;Municipio
27;CHOCÓ;27800;UNGUÍA;Municipio
27;CHOCÓ;27810;UNIÓN PANAMERICANA;Municipio
41;HUILA;41001;NEIVA;Municipio
41;HUILA;41006;ACEVEDO;Municipio
41;HUILA;41013;AGRADO;Municipio
41;HUILA;41016;AIPE;Municipio
41;HUILA;41020;ALGECIRAS;Municipio
41;HUILA;41026;ALTAMIRA;Municipio
41;HUILA;41078;BARAYA;Municipio
41;HUILA;41132;CAMPOALEGRE;Municipio
41;HUILA;41206;COLOMBIA;Municipio
41;HUILA;41244;ELÍAS;Municipio
41;HUILA;41298;GARZÓN;Municipio
41;HUILA;41306;GIGANTE;Municipio
41;HUILA;41319;GUADALUPE;Municipio
41;HUILA;41349;HOBO;Municipio
41;HUILA;41357;ÍQUIRA;Municipio
41;HUILA;41359;ISNOS;Municipio
41;HUILA;41378;LA ARGENTINA;Municipio
41;HUILA;41396;LA PLATA;Municipio
41;HUILA;41483;NÁTAGA;Municipio
41;HUILA;41503;OPORAPA;Municipio
41;HUILA;41518;PAICOL;Municipio
41;HUILA;41524;PALERMO;Municipio
41;HUILA;41530;PALESTINA;Municipio
41;HUILA;41548;PITAL;Municipio
41;HUILA;41551;PITALITO;Municipio
41;HUILA;41615;RIVERA;Municipio
41;HUILA;41660;SALADOBLANCO;Municipio
41;HUILA;41668;SAN AGUSTÍN;Municipio
41;HUILA;41676;SANTA MARÍA;Municipio
41;HUILA;41770;SUAZA;Municipio
41;HUILA;41791;TARQUI;Municipio
41;HUILA;41797;TESALIA;Municipio
41;HUILA;41799;TELLO;Municipio
41;HUILA;41801;TERUEL;Municipio
41;HUILA;41807;TIMANÁ;Municipio
41;HUILA;41872;VILLAVIEJA;Municipio
41;HUILA;41885;YAGUARÁ;Municipio
44;LA GUAJIRA;44001;RIOHACHA;Municipio
44;LA GUAJIRA;44035;ALBANIA;Municipio
44;LA GUAJIRA;44078;BARRANCAS;Municipio
44;LA GUAJIRA;44090;DIBULLA;Municipio
44;LA GUAJIRA;44098;DISTRACCIÓN;Municipio
44;LA GUAJIRA;44110;EL MOLINO;Municipio
44;LA GUAJIRA;44279;FONSECA;Municipio
44;LA GUAJIRA;44378;HATONUEVO;Municipio
44;LA GUAJIRA;44420;LA JAGUA DEL PILAR;Municipio
44;LA GUAJIRA;44430;MAICAO;Municipio
44;LA GUAJIRA;44560;MANAURE;Municipio
44;LA GUAJIRA;44650;SAN JUAN DEL CESAR;Municipio
44;LA GUAJIRA;44847;URIBIA;Municipio
44;LA GUAJIRA;44855;URUMITA;Municipio
44;LA GUAJIRA;44874;VILLANUEVA;Municipio
47;MAGDALENA;47001;SANTA MARTA;Municipio
47;MAGDALENA;47030;ALGARROBO;Municipio
47;MAGDALENA;47053;ARACATACA;Municipio
47;MAGDALENA;47058;ARIGUANÍ;Municipio
47;MAGDALENA;47161;CERRO DE SAN ANTONIO;Municipio
47;MAGDALENA;47170;CHIVOLO;Municipio
47;MAGDALENA;47189;CIÉNAGA;Municipio
47;MAGDALENA;47205;CONCORDIA;Municipio
47;MAGDALENA;47245;EL BANCO;Municipio
47;MAGDALENA;47258;EL PIÑÓN;Municipio
47;MAGDALENA;47268;EL RETÉN;Municipio
47;MAGDALENA;47288;FUNDACIÓN;Municipio
47;MAGDALENA;47318;GUAMAL;Municipio
47;MAGDALENA;47460;NUEVA GRANADA;Municipio
47;MAGDALENA;47541;PEDRAZA;Municipio
47;MAGDALENA;47545;PIJIÑO DEL CARMEN;Municipio
47;MAGDALENA;47551;PIVIJAY;Municipio
47;MAGDALENA;47555;PLATO;Municipio
47;MAGDALENA;47570;PUEBLOVIEJO;Municipio
47;MAGDALENA;47605;REMOLINO;Municipio
47;MAGDALENA;47660;SABANAS DE SAN ÁNGEL;Municipio
47;MAGDALENA;47675;SALAMINA;Municipio
47;MAGDALENA;47692;SAN SEBASTIÁN DE BUENAVISTA;Municipio
47;MAGDALENA;47703;SAN ZENÓN;Municipio
47;MAGDALENA;47707;SANTA ANA;Municipio
47;MAGDALENA;47720;SANTA BÁRBARA DE PINTO;Municipio
47;MAGDALENA;47745;SITIONUEVO;Municipio
47;MAGDALENA;47798;TENERIFE;Municipio
47;MAGDALENA;47960;ZAPAYÁN;Municipio
47;MAGDALENA;47980;ZONA BANANERA;Municipio
50;META;50001;VILLAVICENCIO;Municipio
50;META;50006;ACACÍAS;Municipio
50;META;50110;BARRANCA DE UPÍA;Municipio
50;META;50124;CABUYARO;Municipio
50;META;50150;CASTILLA LA NUEVA;Municipio
50;META;50223;CUBARRAL;Municipio
50;META;50226;CUMARAL;Municipio
50;META;50245;EL CALVARIO;Municipio
50;META;50251;EL CASTILLO;Municipio
50;META;50270;EL DORADO;Municipio
50;META;50287;FUENTE DE ORO;Municipio
50;META;50313;GRANADA;Municipio
50;META;50318;GUAMAL;Municipio
50;META;50325;MAPIRIPÁN;Municipio
50;META;50330;MESETAS;Municipio
50;META;50350;LA MACARENA;Municipio
50;META;50370;URIBE;Municipio
50;META;50400;LEJANÍAS;Municipio
50;META;50450;PUERTO CONCORDIA;Municipio
50;META;50568;PUERTO GAITÁN;Municipio
50;META;50573;PUERTO LÓPEZ;Municipio
50;META;50577;PUERTO LLERAS;Municipio
50;META;50590;PUERTO RICO;Municipio
50;META;50606;RESTREPO;Municipio
50;META;50680;SAN CARLOS DE GUAROA;Municipio
50;META;50683;SAN JUAN DE ARAMA;Municipio
50;META;50686;SAN JUANITO;Municipio
50;META;50689;SAN MARTÍN;Municipio
50;META;50711;VISTAHERMOSA;Municipio
52;NARIÑO;52001;PASTO;Municipio
52;NARIÑO;52019;ALBÁN;Municipio
52;NARIÑO;52022;ALDANA;Municipio
52;NARIÑO;52036;ANCUYA;Municipio
52;NARIÑO;52051;ARBOLEDA;Municipio
52;NARIÑO;52079;BARBACOAS;Municipio
52;NARIÑO;52083;BELÉN;Municipio
52;NARIÑO;52110;BUESACO;Municipio
52;NARIÑO;52203;COLÓN;Municipio
52;NARIÑO;52207;CONSACÁ;Municipio
52;NARIÑO;52210;CONTADERO;Municipio
52;NARIÑO;52215;CÓRDOBA;Municipio
52;NARIÑO;52224;CUASPUD CARLOSAMA;Municipio
52;NARIÑO;52227;CUMBAL;Municipio
52;NARIÑO;52233;CUMBITARA;Municipio
52;NARIÑO;52240;CHACHAGÜÍ;Municipio
52;NARIÑO;52250;EL CHARCO;Municipio
52;NARIÑO;52254;EL PEÑOL;Municipio
52;NARIÑO;52256;EL ROSARIO;Municipio
52;NARIÑO;52258;EL TABLÓN DE GÓMEZ;Municipio
52;NARIÑO;52260;EL TAMBO;Municipio
52;NARIÑO;52287;FUNES;Municipio
52;NARIÑO;52317;GUACHUCAL;Municipio
52;NARIÑO;52320;GUAITARILLA;Municipio
52;NARIÑO;52323;GUALMATÁN;Municipio
52;NARIÑO;52352;ILES;Municipio
52;NARIÑO;52354;IMUÉS;Municipio
52;NARIÑO;52356;IPIALES;Municipio
52;NARIÑO;52378;LA CRUZ;Municipio
52;NARIÑO;52381;LA FLORIDA;Municipio
52;NARIÑO;52385;LA LLANADA;Municipio
52;NARIÑO;52390;LA TOLA;Municipio
52;NARIÑO;52399;LA UNIÓN;Municipio
52;NARIÑO;52405;LEIVA;Municipio
52;NARIÑO;52411;LINARES;Municipio
52;NARIÑO;52418;LOS ANDES;Municipio
52;NARIÑO;52427;MAGÜÍ;Municipio
52;NARIÑO;52435;MALLAMA;Municipio
52;NARIÑO;52473;MOSQUERA;Municipio
52;NARIÑO;52480;NARIÑO;Municipio
52;NARIÑO;52490;OLAYA HERRERA;Municipio
52;NARIÑO;52506;OSPINA;Municipio
52;NARIÑO;52520;FRANCISCO PIZARRO;Municipio
52;NARIÑO;52540;POLICARPA;Municipio
52;NARIÑO;52560;POTOSÍ;Municipio
52;NARIÑO;52565;PROVIDENCIA;Municipio
52;NARIÑO;52573;PUERRES;Municipio
52;NARIÑO;52585;PUPIALES;Municipio
52;NARIÑO;52612;RICAURTE;Municipio
52;NARIÑO;52621;ROBERTO PAYÁN;Municipio
52;NARIÑO;52678;SAMANIEGO;Municipio
52;NARIÑO;52683;SANDONÁ;Municipio
52;NARIÑO;52685;SAN BERNARDO;Municipio
52;NARIÑO;52687;SAN LORENZO;Municipio
52;NARIÑO;52693;SAN PABLO;Municipio
52;NARIÑO;52694;SAN PEDRO DE CARTAGO;Municipio
52;NARIÑO;52696;SANTA BÁRBARA;Municipio
52;NARIÑO;52699;SANTACRUZ;Municipio
52;NARIÑO;52720;SAPUYES;Municipio
52;NARIÑO;52786;TAMINANGO;Municipio
52;NARIÑO;52788;TANGUA;Municipio
52;NARIÑO;52835;SAN ANDRÉS DE TUMACO;Municipio
52;NARIÑO;52838;TÚQUERRES;Municipio
52;NARIÑO;52885;YACUANQUER;Municipio
54;NORTE DE SANTANDER;54001;SAN JOSÉ DE CÚCUTA;Municipio
54;NORTE DE SANTANDER;54003;ÁBREGO;Municipio
54;NORTE DE SANTANDER;54051;ARBOLEDAS;Municipio
54;NORTE DE SANTANDER;54099;BOCHALEMA;Municipio
54;NORTE DE SANTANDER;54109;BUCARASICA;Municipio
54;NORTE DE SANTANDER;54125;CÁCOTA;Municipio
54;NORTE DE SANTANDER;54128;CÁCHIRA;Municipio
54;NORTE DE SANTANDER;54172;CHINÁCOTA;Municipio
54;NORTE DE SANTANDER;54174;CHITAGÁ;Municipio
54;NORTE DE SANTANDER;54206;CONVENCIÓN;Municipio
54;NORTE DE SANTANDER;54223;CUCUTILLA;Municipio
54;NORTE DE SANTANDER;54239;DURANIA;Municipio
54;NORTE DE SANTANDER;54245;EL CARMEN;Municipio
54;NORTE DE SANTANDER;54250;EL TARRA;Municipio
54;NORTE DE SANTANDER;54261;EL ZULIA;Municipio
54;NORTE DE SANTANDER;54313;GRAMALOTE;Municipio
54;NORTE DE SANTANDER;54344;HACARÍ;Municipio
54;NORTE DE SANTANDER;54347;HERRÁN;Municipio
54;NORTE DE SANTANDER;54377;LABATECA;Municipio
54;NORTE DE SANTANDER;54385;LA ESPERANZA;Municipio
54;NORTE DE SANTANDER;54398;LA PLAYA;Municipio
54;NORTE DE SANTANDER;54405;LOS PATIOS;Municipio
54;NORTE DE SANTANDER;54418;LOURDES;Municipio
54;NORTE DE SANTANDER;54480;MUTISCUA;Municipio
54;NORTE DE SANTANDER;54498;OCAÑA;Municipio
54;NORTE DE SANTANDER;54518;PAMPLONA;Municipio
54;NORTE DE SANTANDER;54520;PAMPLONITA;Municipio
54;NORTE DE SANTANDER;54553;PUERTO SANTANDER;Municipio
54;NORTE DE SANTANDER;54599;RAGONVALIA;Municipio
54;NORTE DE SANTANDER;54660;SALAZAR;Municipio
54;NORTE DE SANTANDER;54670;SAN CALIXTO;Municipio
54;NORTE DE SANTANDER;54673;SAN CAYETANO;Municipio
54;NORTE DE SANTANDER;54680;SANTIAGO;Municipio
54;NORTE DE SANTANDER;54720;SARDINATA;Municipio
54;NORTE DE SANTANDER;54743;SILOS;Municipio
54;NORTE DE SANTANDER;54800;TEORAMA;Municipio
54;NORTE DE SANTANDER;54810;TIBÚ;Municipio
54;NORTE DE SANTANDER;54820;TOLEDO;Municipio
54;NORTE DE SANTANDER;54871;VILLA CARO;Municipio
54;NORTE DE SANTANDER;54874;VILLA DEL ROSARIO;Municipio
63;QUINDÍO;63001;ARMENIA;Municipio
63;QUINDÍO;63111;BUENAVISTA;Municipio
63;QUINDÍO;63130;CALARCÁ;Municipio
63;QUINDÍO;63190;CIRCASIA;Municipio
63;QUINDÍO;63212;CÓRDOBA;Municipio
63;QUINDÍO;63272;FILANDIA;Municipio
63;QUINDÍO;63302;GÉNOVA;Municipio
63;QUINDÍO;63401;LA TEBAIDA;Municipio
63;QUINDÍO;63470;MONTENEGRO;Municipio
63;QUINDÍO;63548;PIJAO;Municipio
63;QUINDÍO;63594;QUIMBAYA;Municipio
63;QUINDÍO;63690;SALENTO;Municipio
66;RISARALDA;66001;PEREIRA;Municipio
66;RISARALDA;66045;APÍA;Municipio
66;RISARALDA;66075;BALBOA;Municipio
66;RISARALDA;66088;BELÉN DE UMBRÍA;Municipio
66;RISARALDA;66170;DOSQUEBRADAS;Municipio
66;RISARALDA;66318;GUÁTICA;Municipio
66;RISARALDA;66383;LA CELIA;Municipio
66;RISARALDA;66400;LA VIRGINIA;Municipio
66;RISARALDA;66440;MARSELLA;Municipio
66;RISARALDA;66456;MISTRATÓ;Municipio
66;RISARALDA;66572;PUEBLO RICO;Municipio
66;RISARALDA;66594;QUINCHÍA;Municipio
66;RISARALDA;66682;SANTA ROSA DE CABAL;Municipio
66;RISARALDA;66687;SANTUARIO;Municipio
68;SANTANDER;68001;BUCARAMANGA;Municipio
68;SANTANDER;68013;AGUADA;Municipio
68;SANTANDER;68020;ALBANIA;Municipio
68;SANTANDER;68051;ARATOCA;Municipio
68;SANTANDER;68077;BARBOSA;Municipio
68;SANTANDER;68079;BARICHARA;Municipio
68;SANTANDER;68081;BARRANCABERMEJA;Municipio
68;SANTANDER;68092;BETULIA;Municipio
68;SANTANDER;68101;BOLÍVAR;Municipio
68;SANTANDER;68121;CABRERA;Municipio
68;SANTANDER;68132;CALIFORNIA;Municipio
68;SANTANDER;68147;CAPITANEJO;Municipio
68;SANTANDER;68152;CARCASÍ;Municipio
68;SANTANDER;68160;CEPITÁ;Municipio
68;SANTANDER;68162;CERRITO;Municipio
68;SANTANDER;68167;CHARALÁ;Municipio
68;SANTANDER;68169;CHARTA;Municipio
68;SANTANDER;68176;CHIMA;Municipio
68;SANTANDER;68179;CHIPATÁ;Municipio
68;SANTANDER;68190;CIMITARRA;Municipio
68;SANTANDER;68207;CONCEPCIÓN;Municipio
68;SANTANDER;68209;CONFINES;Municipio
68;SANTANDER;68211;CONTRATACIÓN;Municipio
68;SANTANDER;68217;COROMORO;Municipio
68;SANTANDER;68229;CURITÍ;Municipio
68;SANTANDER;68235;EL CARMEN DE CHUCURÍ;Municipio
68;SANTANDER;68245;EL GUACAMAYO;Municipio
68;SANTANDER;68250;EL PEÑÓN;Municipio
68;SANTANDER;68255;EL PLAYÓN;Municipio
68;SANTANDER;68264;ENCINO;Municipio
68;SANTANDER;68266;ENCISO;Municipio
68;SANTANDER;68271;FLORIÁN;Municipio
68;SANTANDER;68276;FLORIDABLANCA;Municipio
68;SANTANDER;68296;GALÁN;Municipio
68;SANTANDER;68298;GÁMBITA;Municipio
68;SANTANDER;68307;GIRÓN;Municipio
68;SANTANDER;68318;GUACA;Municipio
68;SANTANDER;68320;GUADALUPE;Municipio
68;SANTANDER;68322;GUAPOTÁ;Municipio
68;SANTANDER;68324;GUAVATÁ;Municipio
68;SANTANDER;68327;GÜEPSA;Municipio
68;SANTANDER;68344;HATO;Municipio
68;SANTANDER;68368;JESÚS MARÍA;Municipio
68;SANTANDER;68370;JORDÁN;Municipio
68;SANTANDER;68377;LA BELLEZA;Municipio
68;SANTANDER;68385;LANDÁZURI;Municipio
68;SANTANDER;68397;LA PAZ;Municipio
68;SANTANDER;68406;LEBRIJA;Municipio
68;SANTANDER;68418;LOS SANTOS;Municipio
68;SANTANDER;68425;MACARAVITA;Municipio
68;SANTANDER;68432;MÁLAGA;Municipio
68;SANTANDER;68444;MATANZA;Municipio
68;SANTANDER;68464;MOGOTES;Municipio
68;SANTANDER;68468;MOLAGAVITA;Municipio
68;SANTANDER;68498;OCAMONTE;Municipio
68;SANTANDER;68500;OIBA;Municipio
68;SANTANDER;68502;ONZAGA;Municipio
68;SANTANDER;68522;PALMAR;Municipio
68;SANTANDER;68524;PALMAS DEL SOCORRO;Municipio
68;SANTANDER;68533;PÁRAMO;Municipio
68;SANTANDER;68547;PIEDECUESTA;Municipio
68;SANTANDER;68549;PINCHOTE;Municipio
68;SANTANDER;68572;PUENTE NACIONAL;Municipio
68;SANTANDER;68573;PUERTO PARRA;Municipio
68;SANTANDER;68575;PUERTO WILCHES;Municipio
68;SANTANDER;68615;RIONEGRO;Municipio
68;SANTANDER;68655;SABANA DE TORRES;Municipio
68;SANTANDER;68669;SAN ANDRÉS;Municipio
68;SANTANDER;68673;SAN BENITO;Municipio
68;SANTANDER;68679;SAN GIL;Municipio
68;SANTANDER;68682;SAN JOAQUÍN;Municipio
68;SANTANDER;68684;SAN JOSÉ DE MIRANDA;Municipio
68;SANTANDER;68686;SAN MIGUEL;Municipio
68;SANTANDER;68689;SAN VICENTE DE CHUCURÍ;Municipio
68;SANTANDER;68705;SANTA BÁRBARA;Municipio
68;SANTANDER;68720;SANTA HELENA DEL OPÓN;Municipio
68;SANTANDER;68745;SIMACOTA;Municipio
68;SANTANDER;68755;SOCORRO;Municipio
68;SANTANDER;68770;SUAITA;Municipio
68;SANTANDER;68773;SUCRE;Municipio
68;SANTANDER;68780;SURATÁ;Municipio
68;SANTANDER;68820;TONA;Municipio
68;SANTANDER;68855;VALLE DE SAN JOSÉ;Municipio
68;SANTANDER;68861;VÉLEZ;Municipio
68;SANTANDER;68867;VETAS;Municipio
68;SANTANDER;68872;VILLANUEVA;Municipio
68;SANTANDER;68895;ZAPATOCA;Municipio
70;SUCRE;70001;SINCELEJO;Municipio
70;SUCRE;70110;BUENAVISTA;Municipio
70;SUCRE;70124;CAIMITO;Municipio
70;SUCRE;70204;COLOSÓ;Municipio
70;SUCRE;70215;COROZAL;Municipio
70;SUCRE;70221;COVEÑAS;Municipio
70;SUCRE;70230;CHALÁN;Municipio
70;SUCRE;70233;EL ROBLE;Municipio
70;SUCRE;70235;GALERAS;Municipio
70;SUCRE;70265;GUARANDA;Municipio
70;SUCRE;70400;LA UNIÓN;Municipio
70;SUCRE;70418;LOS PALMITOS;Municipio
70;SUCRE;70429;MAJAGUAL;Municipio
70;SUCRE;70473;MORROA;Municipio
70;SUCRE;70508;OVEJAS;Municipio
70;SUCRE;70523;PALMITO;Municipio
70;SUCRE;70670;SAMPUÉS;Municipio
70;SUCRE;70678;SAN BENITO ABAD;Municipio
70;SUCRE;70702;SAN JUAN DE BETULIA;Municipio
70;SUCRE;70708;SAN MARCOS;Municipio
70;SUCRE;70713;SAN ONOFRE;Municipio
70;SUCRE;70717;SAN PEDRO;Municipio
70;SUCRE;70742;SAN LUIS DE SINCÉ;Municipio
70;SUCRE;70771;SUCRE;Municipio
70;SUCRE;70820;SANTIAGO DE TOLÚ;Municipio
70;SUCRE;70823;SAN JOSÉ DE TOLUVIEJO;Municipio
73;TOLIMA;73001;IBAGUÉ;Municipio
73;TOLIMA;73024;ALPUJARRA;Municipio
73;TOLIMA;73026;ALVARADO;Municipio
73;TOLIMA;73030;AMBALEMA;Municipio
73;TOLIMA;73043;ANZOÁTEGUI;Municipio
73;TOLIMA;73055;ARMERO;Municipio
73;TOLIMA;73067;ATACO;Municipio
73;TOLIMA;73124;CAJAMARCA;Municipio
73;TOLIMA;73148;CARMEN DE APICALÁ;Municipio
73;TOLIMA;73152;CASABIANCA;Municipio
73;TOLIMA;73168;CHAPARRAL;Municipio
73;TOLIMA;73200;COELLO;Municipio
73;TOLIMA;73217;COYAIMA;Municipio
73;TOLIMA;73226;CUNDAY;Municipio
73;TOLIMA;73236;DOLORES;Municipio
73;TOLIMA;73268;ESPINAL;Municipio
73;TOLIMA;73270;FALAN;Municipio
73;TOLIMA;73275;FLANDES;Municipio
73;TOLIMA;73283;FRESNO;Municipio
73;TOLIMA;73319;GUAMO;Municipio
73;TOLIMA;73347;HERVEO;Municipio
73;TOLIMA;73349;HONDA;Municipio
73;TOLIMA;73352;ICONONZO;Municipio
73;TOLIMA;73408;LÉRIDA;Municipio
73;TOLIMA;73411;LÍBANO;Municipio
73;TOLIMA;73443;SAN SEBASTIÁN DE MARIQUITA;Municipio
73;TOLIMA;73449;MELGAR;Municipio
73;TOLIMA;73461;MURILLO;Municipio
73;TOLIMA;73483;NATAGAIMA;Municipio
73;TOLIMA;73504;ORTEGA;Municipio
73;TOLIMA;73520;PALOCABILDO;Municipio
73;TOLIMA;73547;PIEDRAS;Municipio
73;TOLIMA;73555;PLANADAS;Municipio
73;TOLIMA;73563;PRADO;Municipio
73;TOLIMA;73585;PURIFICACIÓN;Municipio
73;TOLIMA;73616;RIOBLANCO;Municipio
73;TOLIMA;73622;RONCESVALLES;Municipio
73;TOLIMA;73624;ROVIRA;Municipio
73;TOLIMA;73671;SALDAÑA;Municipio
73;TOLIMA;73675;SAN ANTONIO;Municipio
73;TOLIMA;73678;SAN LUIS;Municipio
73;TOLIMA;73686;SANTA ISABEL;Municipio
73;TOLIMA;73770;SUÁREZ;Municipio
73;TOLIMA;73854;VALLE DE SAN JUAN;Municipio
73;TOLIMA;73861;VENADILLO;Municipio
73;TOLIMA;73870;VILLAHERMOSA;Municipio
73;TOLIMA;73873;VILLARRICA;Municipio
76;VALLE DEL CAUCA;76001;CALI;Municipio
76;VALLE DEL CAUCA;76020;ALCALÁ;Municipio
76;VALLE DEL CAUCA;76036;ANDALUCÍA;Municipio
76;VALLE DEL CAUCA;76041;ANSERMANUEVO;Municipio
76;VALLE DEL CAUCA;76054;ARGELIA;Municipio
76;VALLE DEL CAUCA;76100;BOLÍVAR;Municipio
76;VALLE DEL CAUCA;76109;BUENAVENTURA;Municipio
76;VALLE DEL CAUCA;76111;GUADALAJARA DE BUGA;Municipio
76;VALLE DEL CAUCA;76113;BUGALAGRANDE;Municipio
76;VALLE DEL CAUCA;76122;CAICEDONIA;Municipio
76;VALLE DEL CAUCA;76126;CALIMA;Municipio
76;VALLE DEL CAUCA;76130;CANDELARIA;Municipio
76;VALLE DEL CAUCA;76147;CARTAGO;Municipio
76;VALLE DEL CAUCA;76233;DAGUA;Municipio
76;VALLE DEL CAUCA;76243;EL ÁGUILA;Municipio
76;VALLE DEL CAUCA;76246;EL CAIRO;Municipio
76;VALLE DEL CAUCA;76248;EL CERRITO;Municipio
76;VALLE DEL CAUCA;76250;EL DOVIO;Municipio
76;VALLE DEL CAUCA;76275;FLORIDA;Municipio
76;VALLE DEL CAUCA;76306;GINEBRA;Municipio
76;VALLE DEL CAUCA;76318;GUACARÍ;Municipio
76;VALLE DEL CAUCA;76364;JAMUNDÍ;Municipio
76;VALLE DEL CAUCA;76377;LA CUMBRE;Municipio
76;VALLE DEL CAUCA;76400;LA UNIÓN;Municipio
76;VALLE DEL CAUCA;76403;LA VICTORIA;Municipio
76;VALLE DEL CAUCA;76497;OBANDO;Municipio
76;VALLE DEL CAUCA;76520;PALMIRA;Municipio
76;VALLE DEL CAUCA;76563;PRADERA;Municipio
76;VALLE DEL CAUCA;76606;RESTREPO;Municipio
76;VALLE DEL CAUCA;76616;RIOFRÍO;Municipio
76;VALLE DEL CAUCA;76622;ROLDANILLO;Municipio
76;VALLE DEL CAUCA;76670;SAN PEDRO;Municipio
76;VALLE DEL CAUCA;76736;SEVILLA;Municipio
76;VALLE DEL CAUCA;76823;TORO;Municipio
76;VALLE DEL CAUCA;76828;TRUJILLO;Municipio
76;VALLE DEL CAUCA;76834;TULUÁ;Municipio
76;VALLE DEL CAUCA;76845;ULLOA;Municipio
76;VALLE DEL CAUCA;76863;VERSALLES;Municipio
76;VALLE DEL CAUCA;76869;VIJES;Municipio
76;VALLE DEL CAUCA;76890;YOTOCO;Municipio
76;VALLE DEL CAUCA;76892;YUMBO;Municipio
76;VALLE DEL CAUCA;76895;ZARZAL;Municipio
81;ARAUCA;81001;ARAUCA;Municipio
81;ARAUCA;81065;ARAUQUITA;Municipio
81;ARAUCA;81220;CRAVO NORTE;Municipio
81;ARAUCA;81300;FORTUL;Municipio
81;ARAUCA;81591;PUERTO RONDÓN;Municipio
81;ARAUCA;81736;SARAVENA;Municipio
81;ARAUCA;81794;TAME;Municipio
85;CASANARE;85001;YOPAL;Municipio
85;CASANARE;85010;AGUAZUL;Municipio
85;CASANARE;85015;CHÁMEZA;Municipio
85;CASANARE;85125;HATO COROZAL;Municipio
85;CASANARE;85136;LA SALINA;Municipio
85;CASANARE;85139;MANÍ;Municipio
85;CASANARE;85162;MONTERREY;Municipio
85;CASANARE;85225;NUNCHÍA;Municipio
85;CASANARE;85230;OROCUÉ;Municipio
85;CASANARE;85250;PAZ DE ARIPORO;Municipio
85;CASANARE;85263;PORE;Municipio
85;CASANARE;85279;RECETOR;Municipio
85;CASANARE;85300;SABANALARGA;Municipio
85;CASANARE;85315;SÁCAMA;Municipio
85;CASANARE;85325;SAN LUIS DE PALENQUE;Municipio
85;CASANARE;85400;TÁMARA;Municipio
85;CASANARE;85410;TAURAMENA;Municipio
85;CASANARE;85430;TRINIDAD;Municipio
85;CASANARE;85440;VILLANUEVA;Municipio
86;PUTUMAYO;86001;MOCOA;Municipio
86;PUTUMAYO;86219;COLÓN;Municipio
86;PUTUMAYO;86320;ORITO;Municipio
86;PUTUMAYO;86568;PUERTO ASÍS;Municipio
86;PUTUMAYO;86569;PUERTO CAICEDO;Municipio
86;PUTUMAYO;86571;PUERTO GUZMÁN;Municipio
86;PUTUMAYO;86573;PUERTO LEGUÍZAMO;Municipio
86;PUTUMAYO;86749;SIBUNDOY;Municipio
86;PUTUMAYO;86755;SAN FRANCISCO;Municipio
86;PUTUMAYO;86757;SAN MIGUEL;Municipio
86;PUTUMAYO;86760;SANTIAGO;Municipio
86;PUTUMAYO;86865;VALLE DEL GUAMUEZ;Municipio
86;PUTUMAYO;86885;VILLAGARZÓN;Municipio
88;ARCHIPIÉLAGO DE SAN ANDRÉS, PROVIDENCIA Y SANTA CATALINA;88001;SAN ANDRÉS;Isla
88;ARCHIPIÉLAGO DE SAN ANDRÉS, PROVIDENCIA Y SANTA CATALINA;88564;PROVIDENCIA;Municipio
91;AMAZONAS;91001;LETICIA;Municipio
91;AMAZONAS;91263;EL ENCANTO;Área no municipalizada
91;AMAZONAS;91405;LA CHORRERA;Área no municipalizada
91;AMAZONAS;91407;LA PEDRERA;Área no municipalizada
91;AMAZONAS;91430;LA VICTORIA;Área no municipalizada
91;AMAZONAS;91460;MIRITÍ - PARANÁ;Área no municipalizada
91;AMAZONAS;91530;PUERTO ALEGRÍA;Área no municipalizada
91;AMAZONAS;91536;PUERTO ARICA;Área no municipalizada
91;AMAZONAS;91540;PUERTO NARIÑO;Municipio
91;AMAZONAS;91669;PUERTO SANTANDER;Área no municipalizada
91;AMAZONAS;91798;TARAPACÁ;Área no municipalizada
94;GUAINÍA;94001;INÍRIDA;Municipio
94;GUAINÍA;94343;BARRANCOMINAS;Municipio
94;GUAINÍA;94883;SAN FELIPE;Área no municipalizada
94;GUAINÍA;94884;PUERTO COLOMBIA;Área no municipalizada
94;GUAINÍA;94885;LA GUADALUPE;Área no municipalizada
94;GUAINÍA;94886;CACAHUAL;Área no municipalizada
94;GUAINÍA;94887;PANA PANA;Área no municipalizada
94;GUAINÍA;94888;MORICHAL;Área no municipalizada
95;GUAVIARE;95001;SAN JOSÉ DEL GUAVIARE;Municipio
95;GUAVIARE;95015;CALAMAR;Municipio
95;GUAVIARE;95025;EL RETORNO;Municipio
95;GUAVIARE;95200;MIRAFLORES;Municipio
97;VAUPÉS;97001;MITÚ;Municipio
97;VAUPÉS;97161;CARURÚ;Municipio
97;VAUPÉS;97511;PACOA;Área no municipalizada
97;VAUPÉS;97666;TARAIRA;Municipio
97;VAUPÉS;97777;PAPUNAHUA;Área no municipalizada
97;VAUPÉS;97889;YAVARATÉ;Área no municipalizada
99;VICHADA;99001;PUERTO CARREÑO;Municipio
99;VICHADA;99524;LA PRIMAVERA;Municipio
99;VICHADA;99624;SANTA ROSALÍA;Municipio
99;VICHADA;99773;CUMARIBO;Municipio
